{"cameraMode":{"drawMode":0,"name":"Shaded","section":"Shading Mode"},"sceneLighting":false,"audioPlay":false,"sceneViewState":{"m_AlwaysRefresh":false,"showFog":true,"showSkybox":false,"showFlares":true,"showImageEffects":true,"showParticleSystems":true,"showVisualEffectGraphs":true,"m_FxEnabled":true},"in2DMode":false,"pivot":{"x":0.6150950789451599,"y":0.8996325135231018,"z":0.08034199476242066},"rotation":{"x":-0.4359090030193329,"y":0.05408202484250069,"z":-0.026143662631511689,"w":-0.8982352018356323},"size":1.095867395401001,"orthographic":false}