{"cameraMode":{"drawMode":0,"name":"Shaded","section":"Shading Mode"},"sceneLighting":false,"audioPlay":false,"sceneViewState":{"m_AlwaysRefresh":false,"showFog":true,"showSkybox":false,"showFlares":true,"showImageEffects":true,"showParticleSystems":true,"showVisualEffectGraphs":true,"m_FxEnabled":true},"in2DMode":false,"pivot":{"x":0.9337401986122131,"y":0.9065371155738831,"z":-0.19873268902301789},"rotation":{"x":0.3215678930282593,"y":-0.006384511943906546,"z":0.0019355133408680559,"w":0.9471134543418884},"size":1.0960181951522828,"orthographic":false}