{"cameraMode":{"drawMode":0,"name":"Shaded","section":"Shading Mode"},"sceneLighting":true,"audioPlay":false,"sceneViewState":{"m_AlwaysRefresh":false,"showFog":true,"showSkybox":true,"showFlares":true,"showImageEffects":true,"showParticleSystems":true,"showVisualEffectGraphs":true,"m_FxEnabled":true},"in2DMode":false,"pivot":{"x":102.06156158447266,"y":17.12576675415039,"z":69.22354125976563},"rotation":{"x":0.09935642778873444,"y":-0.8761885762214661,"z":0.19695931673049928,"w":0.42965686321258547},"size":3.2980217933654787,"orthographic":false}