{"cameraMode":{"drawMode":0,"name":"Shaded","section":"Shading Mode"},"sceneLighting":false,"audioPlay":false,"sceneViewState":{"m_AlwaysRefresh":false,"showFog":true,"showSkybox":false,"showFlares":true,"showImageEffects":true,"showParticleSystems":true,"showVisualEffectGraphs":true,"m_FxEnabled":true},"in2DMode":false,"pivot":{"x":-1.746760606765747,"y":0.15093493461608888,"z":-0.14697837829589845},"rotation":{"x":-0.07970529049634934,"y":0.02302318997681141,"z":-0.001837273477576673,"w":-0.9965711236000061},"size":3.3966894149780275,"orthographic":false}