{"cameraMode":{"drawMode":0,"name":"Shaded","section":"Shading Mode"},"sceneLighting":false,"audioPlay":false,"sceneViewState":{"m_AlwaysRefresh":false,"showFog":true,"showSkybox":false,"showFlares":true,"showImageEffects":true,"showParticleSystems":true,"showVisualEffectGraphs":true,"m_FxEnabled":true},"in2DMode":false,"pivot":{"x":1.0909661054611207,"y":1.1012827157974244,"z":-0.027843277901411058},"rotation":{"x":0.01990669034421444,"y":-0.9231253266334534,"z":0.04403716325759888,"w":0.38227689266204836},"size":1.0195540189743043,"orthographic":false}