{"cameraMode":{"drawMode":0,"name":"Shaded","section":"Shading Mode"},"sceneLighting":false,"audioPlay":false,"sceneViewState":{"m_AlwaysRefresh":false,"showFog":true,"showSkybox":false,"showFlares":true,"showImageEffects":true,"showParticleSystems":true,"showVisualEffectGraphs":true,"m_FxEnabled":true},"in2DMode":false,"pivot":{"x":2.2500147819519045,"y":1.0871384143829346,"z":0.6212437152862549},"rotation":{"x":-0.24513226747512818,"y":-0.5825597047805786,"z":0.18999236822128297,"w":-0.7514118552207947},"size":1.2370356321334839,"orthographic":false}