{"cameraMode":{"drawMode":0,"name":"Shaded","section":"Shading Mode"},"sceneLighting":false,"audioPlay":false,"sceneViewState":{"m_AlwaysRefresh":false,"showFog":true,"showSkybox":false,"showFlares":true,"showImageEffects":true,"showParticleSystems":true,"showVisualEffectGraphs":true,"m_FxEnabled":true},"in2DMode":false,"pivot":{"x":86.95780944824219,"y":1.521651029586792,"z":33.522335052490237},"rotation":{"x":-0.016486763954162599,"y":-0.11851782351732254,"z":0.0037226856220513584,"w":-0.9931334257125855},"size":0.8660253882408142,"orthographic":false}